1,879 Hanover Avenue,,Spring,TX,77386
2,90981 Hagan Drive,suite  N4,Tucson,AZ,85715
3,5 Dryden Crossing,,Waltham,MA,2453
4,50996 Paget Plaza,"suite M786",New Orleans,LA,70183
5,419 Reinke Hill,,New York City,NY,10125
6,50 Oriole Street,,Atlanta,GA,30323
7,770 Atwood Crossing,,Chicago,IL,60681
8,6 Susan Park,,New Orleans,LA,70179
9,5 Union Plaza,,Charlotte,NC,28284
10,09418 Menomonie Center,,Springfield,MA,1129
11,13493 Golden Leaf Hill,"apt.	 19",Buffalo,NY,14225
12,4 Northfield Road,suite 1,Kansas City,MO,64187
13,21 Nevada Drive,apt. T8,Green Bay,WI,54305
14,89722 Mosinee Court,"suite 	 3",Davenport,IA,52809
15,36 Butternut Junction,,New York City,NY,10090
16,69889 Gerald Pass,"suite 	V901",Watertown,MA,2472
17,770 Rutledge Lane,,Tampa,FL,33610
18,2163 Farwell Avenue,,El Paso,TX,88525
19,850 Old Gate Crossing,,Durham,NC,27710
20,120 Sullivan Plaza,,West Palm Beach,FL,33405
21,7 Columbus Court,,Dulles,VA,20189
22,4 Kingsford Alley,,Tampa,FL,33633
23,796 Meadow Valley Street,,New York City,NY,10090
24,6 Judy Junction,"apt. M76",Houston,TX,77005
25,16 Crescent Oaks Lane,,Amarillo,TX,79182
26,96 Shasta Street,"apt. 783",Fort Wayne,IN,46814
27,98990 Rowland Lane,,Irvine,CA,92710
28,42436 Portage Court,,San Francisco,CA,94116
29,4820 Superior Parkway,suite  234,Springfield,MO,65805
30,37515 Novick Alley,apt. R7,Kansas City,MO,64114
31,3 Lunder Trail,,El Paso,TX,79934
32,432 Dapin Park,,Roanoke,VA,24004
33,176 Bay Junction,"apt.	 1",San Francisco,CA,94147
34,0775 Johnson Junction,"apt. 57",Winston Salem,NC,27105
35,0085 Schmedeman Trail,"apt. D7",Peoria,IL,61651
36,25 Cordelia Plaza,,Boston,MA,2216
37,620 Hooker Plaza,,El Paso,TX,88584
38,5306 Paget Place,,Boston,MA,2104
39,7715 Bartillon Alley,"apt.	 5",Colorado Springs,CO,80940
40,8 Arkansas Parkway,,Richmond,VA,23213
41,60 Norway Maple Avenue,"suite  8",Miami,FL,33124
42,8 Express Terrace,,Manassas,VA,22111
43,432 Sauthoff Parkway,,Washington,DC,20392
44,70439 Talisman Road,,Springfield,MA,1105
45,248 Canary Parkway,suite  23,Newport Beach,CA,92662
46,58 Hazelcrest Park,,Wilmington,DE,19810
47,337 Merrick Lane,,Cincinnati,OH,45223
48,357 Schlimgen Parkway,,Fort Worth,TX,76162
49,486 Superior Avenue,,Toledo,OH,43605
50,61115 Redwing Pass,"apt. 	P9",Wichita,KS,67230
51,1838 Dexter Lane,,Lexington,KY,40515
52,445 Valley Edge Road,,New York City,NY,10039
53,31 Mallory Circle,"apt. 54",Cincinnati,OH,45238
54,582 Prentice Alley,,Indianapolis,IN,46247
55,0490 Little Fleur Crossing,,West Palm Beach,FL,33421
56,88 Arapahoe Point,apt. 38,Jeffersonville,IN,47134
57,7761 Harper Junction,,El Paso,TX,88558
58,3468 Maywood Avenue,,Lincoln,NE,68510
59,48 Texas Pass,,San Angelo,TX,76905
60,22 Judy Road,,New Hyde Park,NY,11044
61,6333 Kennedy Lane,,Jacksonville,FL,32255
62,7 Knutson Junction,,Lexington,KY,40505
63,1 Namekagon Crossing,"apt. P05",San Jose,CA,95160
64,43 Northwestern Crossing,,Fort Myers,FL,33994
65,3002 Barby Place,,Saint Cloud,MN,56372
66,5549 8th Place,,Lakewood,WA,98498
67,41900 Clemons Trail,,Seattle,WA,98166
68,188 Pepper Wood Road,,Hamilton,OH,45020
69,6 Hooker Park,,Stockton,CA,95210
70,74828 Eastlawn Junction,,El Paso,TX,79928
71,33997 Oakridge Alley,,Dallas,TX,75241
72,84885 Clove Junction,suite Y481,Olympia,WA,98516
73,3373 Duke Circle,,Fresno,CA,93726
74,366 Pepper Wood Lane,,Houston,TX,77095
75,35 Clove Trail,apt. 167,Phoenix,AZ,85015
76,152 Pawling Alley,,Edmond,OK,73034
77,54710 2nd Parkway,apt. 21,Mesquite,TX,75185
78,58607 Morrow Drive,"suite 	I50",Denver,CO,80243
79,8191 Mallard Way,"suite 	K631",Knoxville,TN,37939
80,90 Drewry Junction,,Gary,IN,46406
81,0 Derek Junction,,Columbus,OH,43284
82,5229 Linden Hill,,Colorado Springs,CO,80930
83,5926 Cordelia Circle,"apt. 	L06",Fort Lauderdale,FL,33315
84,6661 8th Terrace,,San Antonio,TX,78235
85,59 Elmside Court,apt. 3,Ann Arbor,MI,48107
86,4 Dennis Road,,Miami,FL,33169
87,73 Fallview Drive,"suite  41",Pomona,CA,91797
88,9 American Drive,"suite  4",Los Angeles,CA,90060
89,13 Karstens Park,"suite  605",Austin,TX,78726
90,6 Mayfield Way,,Brooksville,FL,34605
91,791 Anzinger Park,"suite T9",Columbus,GA,31998
92,0 Roth Circle,,Mesa,AZ,85205
93,6 Nancy Road,,Amarillo,TX,79165
94,23 Fairfield Terrace,,Minneapolis,MN,55480
95,538 Fairfield Lane,,Fort Worth,TX,76115
96,5 Westerfield Road,"apt.	 426",Inglewood,CA,90310
97,3 7th Court,apt. O53,Fairbanks,AK,99709
98,3 Emmet Parkway,,Atlanta,GA,30380
99,2 Sage Way,,Orlando,FL,32813
100,9 Daystar Way,apt. 57,Orange,CA,92668
