1,rrogers0@furl.net,Richard,Rogers,1936-08-23,5121533691,538 Fisk Court,6044,Austin,TX,78710,2013-02-18 07:10:00
2,hhughes1@apple.com,Heather,Hughes,1979-06-26,8655284458,6738 Bellgrove Avenue,1,Knoxville,TN,37914,2014-11-11 00:01:00
3,grichards2@hatena.ne.jp,Gloria,Richards,1998-06-26,4143846940,023 Rieder Avenue,894,Milwaukee,WI,53225,2015-02-13 23:55:00
4,hstewart3@ask.com,Helen,Stewart,1952-02-01,2123609169,2647 Lindbergh Place,303,New York City,NY,10131,2016-09-28 10:51:00
5,blawrence4@uiuc.edu,Billy,Lawrence,1951-07-31,7604506478,505 Moulton Crossing,26,San Bernardino,CA,92415,2012-08-05 13:40:00
6,bhughes5@weather.com,Betty,Hughes,1938-05-06,9163485167,36874 Sage Lane,954,Sacramento,CA,95833,2015-05-01 18:14:00
7,fnguyen6@eepurl.com,Frances,Nguyen,1985-02-24,2021858400,454 Pankratz Crossing,5,Washington,DC,20503,2013-06-05 05:56:00
8,jmills7@cbslocal.com,Joseph,Mills,1978-01-06,4259575516,006 Dryden Parkway,71889,Everett,WA,98206,2013-12-06 10:34:00
9,rmills8@soup.io,Ronald,Mills,1958-08-06,9129954924,4382 Monica Lane,19,Savannah,GA,31405,2016-04-23 06:59:00
10,jreid9@purevolume.com,Jason,Reid,1935-07-10,7574151317,9 Alpine Court,5008,Virginia Beach,VA,23471,2015-11-20 21:27:00
11,ascotta@so-net.ne.jp,Amy,Scott,1951-02-11,4086354904,96 Alpine Circle,1577,San Jose,CA,95173,2012-04-27 02:26:00
12,dporterb@liveinternet.ru,Doris,Porter,1947-09-17,2543354170,87 Stoughton Drive,75176,Waco,TX,76796,2016-10-26 09:03:00
13,dhowellc@sphinn.com,David,Howell,1955-11-08,9188092289,28 Redwing Alley,518,Tulsa,OK,74141,2012-01-26 16:44:00
14,scarrd@constantcontact.com,Susan,Carr,1960-09-24,7192411378,0386 Carpenter Point,44251,Colorado Springs,CO,80995,2013-07-19 03:42:00
15,lrichardsone@51.la,Louis,Richardson,1942-01-04,7027770575,6 Nova Crossing,24675,Las Vegas,NV,89120,2013-01-15 09:18:00
16,pandersonf@google.fr,Paula,Anderson,1944-09-09,2128288236,11 Macpherson Street,9978,New York City,NY,10160,2013-12-09 17:19:00
17,thowardg@buzzfeed.com,Theresa,Howard,1952-12-01,9152861814,34 Crownhardt Junction,9,El Paso,TX,88535,2015-09-04 02:43:00
18,medwardsh@spotify.com,Maria,Edwards,1974-08-19,3186506052,632 Maple Wood Crossing,92,Shreveport,LA,71151,2016-02-22 02:08:00
19,efernandezi@indiegogo.com,Earl,Fernandez,1998-08-11,2084734350,842 Carey Court,6305,Portland,OR,97211,2016-09-01 03:34:00
20,jmartinezj@posterous.com,Jacqueline,Martinez,1961-11-19,2316840171,36 Heath Terrace,2,Muskegon,MI,49444,2014-12-04 17:29:00
21,jbrooksk@upenn.edu,Jose,Brooks,1942-01-05,2341055029,28158 Gale Alley,6,Akron,OH,44393,2012-02-08 07:44:00
22,jrodriguezl@chicagotribune.com,Jane,Rodriguez,1930-11-30,3365528471,5806 Nancy Trail,25,Greensboro,NC,27455,2014-02-20 08:41:00
23,hrobertsonm@tmall.com,Howard,Robertson,1948-11-11,3171951630,24 Elka Point,3,Indianapolis,IN,46226,2014-03-12 17:37:00
24,lholmesn@shareasale.com,Lawrence,Holmes,1996-05-15,7132358392,086 Eastwood Road,27874,Houston,TX,77206,2016-03-31 10:37:00
25,hlongo@ft.com,Howard,Long,1982-09-03,7029411233,38 Monica Point,858,Las Vegas,NV,89193,2016-11-06 22:15:00
26,jarmstrongp@oaic.gov.au,Janet,Armstrong,1953-06-08,6196028650,51240 Elmside Road,8613,San Diego,CA,92110,2014-05-24 01:39:00
27,bandersonq@techcrunch.com,Brenda,Anderson,1928-05-23,4805943654,8730 Logan Trail,13,Gilbert,AZ,85297,2016-07-20 23:15:00
28,lhowardr@ebay.co.uk,Lisa,Howard,1949-05-30,2256261421,6 Talmadge Parkway,945,Baton Rouge,LA,70826,2012-09-07 17:19:00
29,jwilliss@wix.com,Jack,Willis,1959-02-26,2176968928,61057 Forest Avenue,9,Springfield,IL,62756,2016-06-24 13:15:00
30,jwilliamsont@wired.com,Jerry,Williamson,1940-05-17,3047905928,01 Miller Way,2,Charleston,WV,25389,2015-06-05 00:19:00
31,kcollinsu@bigcartel.com,Kathleen,Collins,1970-04-02,7131033693,22614 Summit Avenue,744,Houston,TX,77250,2016-02-17 06:25:00
32,bdayv@intel.com,Bruce,Day,1957-09-19,3349449806,5 Pearson Way,84427,Birmingham,AL,35210,2015-10-17 15:58:00
33,celliottw@weebly.com,Charles,Elliott,1980-07-27,8163335646,67737 Atwood Trail,878,Kansas City,MO,64142,2017-03-19 06:09:00
34,swarrenx@dailymail.co.uk,Stephen,Warren,1968-12-14,8604785426,31420 Grayhawk Point,77,Hartford,CT,6160,2015-01-31 19:54:00
35,gfoxy@cocolog-nifty.com,Gerald,Fox,1968-06-20,9549555636,8 Linden Drive,23,Fort Lauderdale,FL,33315,2016-09-10 03:54:00
36,jbrooksz@mtv.com,Joan,Brooks,1973-09-12,4141432002,66 La Follette Parkway,75,Milwaukee,WI,53263,2015-08-28 00:31:00
37,lstone10@issuu.com,Louise,Stone,1932-10-12,8323153391,4 Ridge Oak Road,24,Houston,TX,77080,2016-02-12 10:01:00
38,jadams11@hud.gov,Jerry,Adams,1931-08-25,7063053270,66262 Elka Alley,457,Athens,GA,30610,2016-09-29 12:31:00
39,kpeterson12@a8.net,Kevin,Peterson,1932-11-14,4022944957,64788 Sommers Drive,269,Lincoln,NE,68583,2016-11-10 01:58:00
40,sgonzalez13@tinyurl.com,Shirley,Gonzalez,1955-05-28,3048793322,399 Dahle Pass,8629,Charleston,WV,25389,2014-12-30 22:17:00
41,lchapman14@vkontakte.ru,Lois,Chapman,1934-08-11,9173212730,75035 Forster Court,435,New York City,NY,10155,2016-03-01 11:54:00
42,bwood15@jugem.jp,Barbara,Wood,1944-06-10,3238498538,0836 Reinke Plaza,38559,Los Angeles,CA,90035,2012-07-23 22:38:00
43,lfuller16@ucoz.com,Lori,Fuller,1939-02-15,7758134546,8 Colorado Plaza,9,Reno,NV,89519,2016-10-09 02:03:00
44,dlawson17@google.com.br,Denise,Lawson,1956-06-16,9048466991,8 Di Loreto Parkway,11032,Jacksonville,FL,32215,2014-03-22 00:32:00
45,rharvey18@usatoday.com,Russell,Harvey,1976-10-29,2025925621,42770 Raven Hill,861,Washington,DC,20046,2014-12-31 02:33:00
46,abowman19@facebook.com,Arthur,Bowman,1932-04-27,4084242491,59 Starling Trail,43,San Jose,CA,95123,2015-02-25 01:34:00
47,hhudson1a@hugedomains.com,Heather,Hudson,1943-09-01,4043774268,57 Anderson Way,443,Norcross,GA,30092,2015-04-19 02:20:00
48,cfisher1b@wp.com,Cheryl,Fisher,1970-07-28,5024231657,2 Westridge Circle,732,Louisville,KY,40256,2013-03-17 09:21:00
49,lferguson1c@nba.com,Lillian,Ferguson,1999-03-14,6024249271,31484 Derek Hill,673,Phoenix,AZ,85053,2015-04-11 00:45:00
50,broberts1d@bizjournals.com,Bruce,Roberts,1934-11-22,7249881653,77 Bellgrove Road,8139,Pittsburgh,PA,15210,2016-05-19 11:15:00
51,bford1e@sakura.ne.jp,Betty,Ford,1953-09-07,2401739807,6077 Knutson Circle,723,Silver Spring,MD,20918,2013-08-12 16:10:00
52,rfranklin1f@ihg.com,Ronald,Franklin,1932-04-01,2252591604,5093 Holy Cross Junction,59,Baton Rouge,LA,70894,2012-05-01 23:21:00
53,hwoods1g@imageshack.us,Heather,Woods,1941-07-21,2283027568,5086 Morningstar Trail,83,Gulfport,MS,39505,2015-04-07 19:04:00
54,hgonzales1h@columbia.edu,Howard,Gonzales,1985-05-24,3347415268,41 Texas Park,275,Montgomery,AL,36119,2012-05-27 13:57:00
55,dhenderson1i@state.gov,David,Henderson,1968-11-23,8143047792,1 Springs Pass,615,Erie,PA,16522,2016-03-15 14:58:00
56,bhanson1j@163.com,Bobby,Hanson,1956-03-11,9708951840,4 Vahlen Terrace,9682,Greeley,CO,80638,2016-01-24 16:44:00
57,cjordan1k@alexa.com,Carlos,Jordan,1981-05-09,7573168686,8 Everett Lane,1,Herndon,VA,22070,2013-12-15 17:02:00
58,phughes1l@histats.com,Peter,Hughes,1943-02-27,6019693818,336 Ramsey Terrace,83,Jackson,MS,39216,2015-09-01 23:32:00
59,crodriguez1m@skype.com,Carol,Rodriguez,1957-08-29,9722460323,7 Shopko Court,314,Dallas,TX,75216,2016-11-14 21:45:00
60,cperez1n@deliciousdays.com,Clarence,Perez,1927-10-29,2099315932,22 Granby Crossing,4477,Stockton,CA,95298,2014-08-07 09:17:00
61,dcarpenter1o@naver.com,Doris,Carpenter,1999-01-17,3618705851,333 Valley Edge Avenue,659,Corpus Christi,TX,78475,2016-02-12 18:45:00
62,tjordan1p@hubpages.com,Teresa,Jordan,1961-05-30,4172068892,71439 Moulton Alley,9,Springfield,MO,65805,2013-05-21 06:19:00
63,thernandez1q@umich.edu,Todd,Hernandez,1962-05-18,2028390592,040 Harper Park,352,Washington,DC,20456,2016-06-21 14:28:00
64,jwalker1r@discovery.com,Jerry,Walker,1985-02-11,9413713730,492 Holmberg Avenue,49,Bonita Springs,FL,34135,2015-03-24 16:11:00
65,amorales1s@ifeng.com,Ashley,Morales,1991-03-03,2258314016,077 La Follette Circle,93,Baton Rouge,LA,70805,2013-09-25 04:59:00
66,ldaniels1t@slideshare.net,Louise,Daniels,1956-01-21,5174437022,7 Rieder Avenue,6,Lansing,MI,48901,2013-06-11 15:18:00
67,wmason1u@indiatimes.com,Wanda,Mason,1930-07-03,8148818904,6 Mallory Park,3,Erie,PA,16510,2012-07-03 08:40:00
68,jlane1v@ebay.co.uk,Jonathan,Lane,1995-04-06,8125611344,48 Sutherland Center,439,Evansville,IN,47737,2015-11-04 17:22:00
69,lmarshall1w@si.edu,Louis,Marshall,1936-10-12,2126008184,49 Milwaukee Lane,5,New York City,NY,10120,2012-06-28 20:56:00
70,bhunt1x@bing.com,Brandon,Hunt,1951-05-28,5109868113,7 Bobwhite Circle,3,Oakland,CA,94605,2013-11-26 09:54:00
71,pfoster1y@google.co.uk,Phyllis,Foster,1940-10-28,4059010320,74399 Express Hill,9,Oklahoma City,OK,73173,2015-05-03 11:41:00
72,jcunningham1z@irs.gov,Jonathan,Cunningham,1970-07-04,9404943928,7 Gerald Avenue,4821,Wichita Falls,TX,76310,2016-03-04 11:14:00
73,jsimpson20@list-manage.com,Jonathan,Simpson,1927-11-06,3126738873,4122 Division Street,44,Chicago,IL,60669,2015-12-15 10:56:00
74,lfisher21@disqus.com,Lois,Fisher,1973-01-01,5712729328,7 Morningstar Crossing,0,Arlington,VA,22244,2016-10-24 05:05:00
75,swillis22@blogspot.com,Scott,Willis,1984-06-09,5747869101,4 Hagan Avenue,888,South Bend,IN,46614,2014-08-11 08:09:00
76,dsimpson23@webeden.co.uk,Doris,Simpson,1946-04-23,4844092728,790 Dayton Terrace,1227,Reading,PA,19610,2015-01-19 10:40:00
77,bhart24@mediafire.com,Beverly,Hart,1989-08-17,8131238250,936 Northview Place,47,Tampa,FL,33694,2015-06-05 06:04:00
78,rtaylor25@163.com,Rebecca,Taylor,1964-01-10,2121975810,01829 Morning Hill,3677,New York City,NY,10184,2013-03-08 18:22:00
79,rdavis26@home.pl,Ruth,Davis,1958-10-19,7024082576,64 Starling Avenue,76,Las Vegas,NV,89193,2016-09-14 09:40:00
80,kbishop27@123-reg.co.uk,Keith,Bishop,1950-04-14,4047618741,8 Lindbergh Pass,2161,Atlanta,GA,30301,2013-04-19 03:50:00
81,plawrence28@i2i.jp,Peter,Lawrence,1952-04-03,6781982068,6 Cardinal Park,501,Decatur,GA,30089,2013-08-08 15:29:00
82,drobertson29@netscape.com,Daniel,Robertson,1962-02-22,4047274360,45 Caliangt Pass,16,Atlanta,GA,31106,2012-04-14 12:40:00
83,jwelch2a@ftc.gov,Jose,Welch,1934-05-19,5715318342,2065 Bunker Hill Road,1694,Alexandria,VA,22333,2013-03-27 04:36:00
84,bross2b@etsy.com,Barbara,Ross,1949-01-12,9072656508,34 Loomis Place,130,Juneau,AK,99812,2013-07-11 04:14:00
85,ecoleman2c@xinhuanet.com,Elizabeth,Coleman,1984-08-21,8132738251,09 Almo Park,70,Tampa,FL,33647,2016-04-28 13:12:00
86,tdunn2d@ustream.tv,Thomas,Dunn,1947-06-07,7162599402,1 Southridge Trail,0,Buffalo,NY,14263,2015-08-16 23:54:00
87,swright2e@e-recht24.de,Scott,Wright,1942-07-12,5714282238,97922 Northport Hill,25564,Fairfax,VA,22036,2016-10-04 20:56:00
88,alawrence2f@mapquest.com,Amanda,Lawrence,1999-01-26,8134420372,31798 Dorton Junction,46,Tampa,FL,33694,2013-12-20 15:06:00
89,nthomas2g@unesco.org,Nicole,Thomas,1985-03-18,2483763933,2187 Londonderry Street,3642,Farmington,MI,48335,2012-04-17 20:20:00
90,ryoung2h@geocities.com,Richard,Young,1998-02-15,5306749561,04 Glacier Hill Street,53538,South Lake Tahoe,CA,96154,2015-02-10 21:27:00
91,mblack2i@reddit.com,Mary,Black,1994-04-18,8083018467,05 Roxbury Park,84171,Honolulu,HI,96825,2016-04-14 05:04:00
92,jsnyder2j@icio.us,John,Snyder,1976-11-10,4063775170,9958 Victoria Junction,9,Missoula,MT,59806,2013-03-17 18:38:00
93,rhernandez2k@aol.com,Ronald,Hernandez,1975-09-15,4078729803,1738 Knutson Road,19008,Orlando,FL,32868,2015-02-08 00:28:00
94,rnelson2l@prweb.com,Randy,Nelson,1939-12-26,2601248974,28 Shasta Point,35387,Fort Wayne,IN,46862,2015-09-05 06:46:00
95,mwillis2m@cloudflare.com,Michael,Willis,1975-08-09,8087874904,828 Golden Leaf Street,2,Honolulu,HI,96825,2015-06-02 02:08:00
96,nweaver2n@samsung.com,Nancy,Weaver,1931-12-28,8502989892,22556 Bowman Way,53725,Pensacola,FL,32595,2015-07-03 14:40:00
97,btucker2o@woothemes.com,Barbara,Tucker,1958-02-09,6198675442,720 Cherokee Junction,54,San Diego,CA,92186,2013-09-06 08:45:00
98,rrivera2p@edublogs.org,Ryan,Rivera,1976-12-02,8049923770,4 Amoth Park,98,Richmond,VA,23293,2014-02-02 06:19:00
99,tgonzalez2q@g.co,Tina,Gonzalez,1935-09-28,7164329836,93737 Charing Cross Court,51338,Buffalo,NY,14205,2012-06-07 06:16:00
100,chudson2r@storify.com,Carolyn,Hudson,1974-06-08,2096595643,741 Katie Crossing,26,Stockton,CA,95210,2013-05-04 05:30:00
